{
  "_comment": "Configuration template for Windows Desktop Helper",
  "_instructions": [
    "Copy this file to 'config.json' and fill in your Firebase project details",
    "DO NOT commit config.json - it contains sensitive information",
    "Get Firebase config from Firebase Console > Project Settings"
  ],
  
  "session_id": "lecture-2025-09-18",
  "_session_id_note": "Unique identifier for this presentation session. Students will use the same ID.",
  
  "service_account_path": "serviceAccount.json",
  "_service_account_note": "Path to Firebase service account JSON file. Download from Firebase Console > Project Settings > Service Accounts",
  
  "storage_bucket": "firestore-presentation-27ee4.firebasestorage.app",
  "_storage_bucket_note": "Firebase Storage bucket name. Usually matches your project ID + .appspot.com",
  
  "monitor_index": "auto",
  "_monitor_index_note": "Which monitor to capture and overlay on. 'auto' = auto-detect primary/largest, or specify 0 = first monitor, 1 = second monitor, etc.",
  
  "hotkey": "ctrl+b",
  "_hotkey_note": "Global hotkey combination to capture screenshots. Currently only 'ctrl+b' is supported",
  
  "http_trigger_port": 8889,
  "_http_trigger_note": "Port for HTTP trigger server. Visit http://localhost:8889 to capture screenshots",
  
  "trigger_file": "capture_now.txt", 
  "_trigger_file_note": "Create/touch this file to trigger screenshot capture. Gets deleted after use",
  
  "dot_color": "#FFFF00",
  "_dot_color_note": "Color of tap dots shown on overlay (hex format). Yellow highlighter for high visibility. Try #00FF00 (green), #FF00FF (magenta), #00FFFF (cyan)",
  
  "dot_radius_px": 20,
  "_dot_radius_note": "Radius of tap dots in pixels. 20px is good for visibility, 15px for smaller dots",
  
  "fade_ms": 10000,
  "_fade_ms_note": "How long dots stay visible before fading out (milliseconds). 10000 = 10 seconds",

  "enable_hotkey": false,
  "_enable_hotkey_note": "Set to true to attempt global hotkey registration (may fail on some systems)",
  "overlay_mode": "simple",
  "_overlay_mode_note": "auto=try layered then fallback, simple=always simple QWidget, layered=force advanced (may error)",
  "overlay_debug_bg": false,
  "_overlay_debug_bg_note": "If true draws semi-transparent dark background so you can verify overlay is visible",
  "overlay_test_dot": true,
  "_overlay_test_dot_note": "Place a single test dot at startup in the center to confirm rendering. Set false to disable.",
  "overlay_force_basic": true,
  "_overlay_force_basic_note": "If true skips applying Windows layered/click-through styles beyond basic transparent QWidget (useful to diagnose black screen issues). Set false to allow layered styles (WS_EX_LAYERED, etc).",
  "ignore_past_responses_seconds": 60,
  "_ignore_past_responses_seconds_note": "Ignore Firestore responses older than this many seconds before helper start to prevent replay"
}